ID	RoofID	RoofName	Veg_Type	Species 	Genus	Family	Life_form	Roof_age	AgeMR_13_P7	MR_13	BK_Grange_Navy_Yards	Mixed_vegetation	Achillea millefolium	Achillea	Asteraceae	Forb	2012	2009-2012MR_18_T2_1	MR_18	Kingsland_Wildflower	Mixed_vegetation	Achillea sp.	Achillea	Asteraceae	Forb	2017	2013-2017MR_8_P7	MR_8	5Boro_Bioroof	Mixed_vegetation	Achillea millefolium	Achillea	Asteraceae	Forb	2010	2009-2012MR_9_P7	MR_9	Rockaways	Mixed_vegetation	Calamagrostis sp.	Calamagrostis	Poaceae	Grass	2016	2013-2017MR_9_P8	MR_9	Rockaways	Mixed_vegetation	Calamagrostis sp.	Calamagrostis	Poaceae	Grass	2016	2013-2017MR_9_P9	MR_9	Rockaways	Mixed_vegetation	Calamagrostis sp.	Calamagrostis	Poaceae	Grass	2016	2013-2017MR_13_P8	MR_13	BK_Grange_Navy_Yards	Mixed_vegetation	Centaurea cyanus	Centaurea	Asteraceae	Forb	2012	2009-2012MR_15_P9	MR_15	BK_Grange_LIC	Mixed_vegetation	Centaurea cyanus	Centaurea	Asteraceae	Forb	2010	2009-2012MR_11_P3	MR_11	Linda_Tool	Mixed_vegetation	Coreopsis lanceolata	Coreopsis	Asteraceae	Forb	2008	2004-2008MR_11_P6	MR_11	Linda_Tool	Mixed_vegetation	Coreopsis lanceolata	Coreopsis	Asteraceae	Forb	2008	2004-2008MR_11_P8	MR_11	Linda_Tool	Mixed_vegetation	Coreopsis lanceolata	Coreopsis	Asteraceae	Forb	2008	2004-2008MR_13_P4	MR_13	BK_Grange_Navy_Yards	Mixed_vegetation	Coreopsis lanceolata	Coreopsis	Asteraceae	Forb	2012	2009-2012MR_15_P5	MR_15	BK_Grange_LIC	Mixed_vegetation	Coreopsis lanceolata	Coreopsis	Asteraceae	Forb	2010	2009-2012MR_15_P6	MR_15	BK_Grange_LIC	Mixed_vegetation	Coreopsis lanceolata	Coreopsis	Asteraceae	Forb	2010	2009-2012MR_15_P7	MR_15	BK_Grange_LIC	Mixed_vegetation	Coreopsis lanceolata	Coreopsis	Asteraceae	Forb	2010	2009-2012MR_16_T3_3	MR_16	Grand_Street	Mixed_vegetation	Coreopsis sp.	Coreopsis	Asteraceae	Forb	2004	2004-2008MR_17_P3	MR_17	VICE	Mixed_vegetation	Coreopsis sp.	Coreopsis	Asteraceae	Forb	2015	2013-2017MR_18_T1_1	MR_18	Kingsland_Wildflower	Mixed_vegetation	Coreopsis sp.	Coreopsis	Asteraceae	Forb	2017	2013-2017MR_18_T3_1	MR_18	Kingsland_Wildflower	Mixed_vegetation	Coreopsis sp.	Coreopsis	Asteraceae	Forb	2017	2013-2017MR_18_T3_3	MR_18	Kingsland_Wildflower	Mixed_vegetation	Coreopsis sp.	Coreopsis	Asteraceae	Forb	2017	2013-2017MR_19_P3	MR_19	Wild_Project	Mixed_vegetation	Coreopsis tinctoria	Coreopsis	Asteraceae	Forb	2007	2004-2008MR_19_P7	MR_19	Wild_Project	Mixed_vegetation	Coreopsis tinctoria	Coreopsis	Asteraceae	Forb	2007	2004-2008MR_19_P8	MR_19	Wild_Project	Mixed_vegetation	Coreopsis tinctoria	Coreopsis	Asteraceae	Forb	2007	2004-2008MR_8_P2	MR_8	5Boro_Bioroof	Mixed_vegetation	Coreopsis lanceolata	Coreopsis	Asteraceae	Forb	2010	2009-2012MR_8_P9	MR_8	5Boro_Bioroof	Mixed_vegetation	Coreopsis lanceolata	Coreopsis	Asteraceae	Forb	2010	2009-2012MR_13_P3	MR_13	BK_Grange_Navy_Yards	Mixed_vegetation	Cosmos sp.	Cosmos	Asteraceae	Forb	2012	2009-2012MR_13_P6	MR_13	BK_Grange_Navy_Yards	Mixed_vegetation	Cosmos sp.	Cosmos	Asteraceae	Forb	2012	2009-2012MR_13_P9	MR_13	BK_Grange_Navy_Yards	Mixed_vegetation	Cosmos sp.	Cosmos	Asteraceae	Forb	2012	2009-2012MR_16_T1_1	MR_16	Grand_Street	Mixed_vegetation	Cosmos sp.	Cosmos	Asteraceae	Forb	2004	2004-2008MR_13_P2	MR_13	BK_Grange_Navy_Yards	Mixed_vegetation	Echinacea sp.	Echinacea	Asteraceae	Forb	2012	2009-2012MR_15_P4	MR_15	BK_Grange_LIC	Mixed_vegetation	Echinacaea purpurea	Echinacea	Asteraceae	Forb	2010	2009-2012MR_16_T2_1	MR_16	Grand_Street	Mixed_vegetation	Echinacaea purpurea	Echinacea	Asteraceae	Forb	2004	2004-2008MR_16_T3_1	MR_16	Grand_Street	Mixed_vegetation	Echinacaea purpurea	Echinacea	Asteraceae	Forb	2004	2004-2008MR_17_P1	MR_17	VICE	Mixed_vegetation	Echinacaea purpurea	Echinacea	Asteraceae	Forb	2015	2013-2017MR_17_P2	MR_17	VICE	Mixed_vegetation	Echinacaea purpurea	Echinacea	Asteraceae	Forb	2015	2013-2017MR_17_P8	MR_17	VICE	Mixed_vegetation	Echinacaea purpurea	Echinacea	Asteraceae	Forb	2015	2013-2017MR_2_T1_1	MR_2	Greenwich_Village_Elementary	Mixed_vegetation	Echinacaea tennesseensis	Echinacea	Asteraceae	Forb	2012	2009-2012MR_7_P9	MR_7	5Boro_Wildflower	Mixed_vegetation	Echinacaea purpurea	Echinacea	Asteraceae	Forb	2009	2009-2012MR_10_P7	MR_10	Sorrentino	Mixed_vegetation	Erigeron annuus	Erigeron	Asteraceae	Forb	2010	2009-2012MR_10_P8	MR_10	Sorrentino	Mixed_vegetation	Erigeron annuus	Erigeron	Asteraceae	Forb	2010	2009-2012MR_10_P9	MR_10	Sorrentino	Mixed_vegetation	Erigeron annuus	Erigeron	Asteraceae	Forb	2010	2009-2012MR_11_P1	MR_11	Linda_Tool	Mixed_vegetation	Erigeron annuus	Erigeron	Asteraceae	Forb	2008	2004-2008MR_11_P2	MR_11	Linda_Tool	Mixed_vegetation	Erigeron annuus	Erigeron	Asteraceae	Forb	2008	2004-2008MR_11_P4	MR_11	Linda_Tool	Mixed_vegetation	Erigeron annuus	Erigeron	Asteraceae	Forb	2008	2004-2008MR_11_P5	MR_11	Linda_Tool	Mixed_vegetation	Erigeron annuus	Erigeron	Asteraceae	Forb	2008	2004-2008MR_11_P7	MR_11	Linda_Tool	Mixed_vegetation	Erigeron annuus	Erigeron	Asteraceae	Forb	2008	2004-2008MR_11_P9	MR_11	Linda_Tool	Mixed_vegetation	Erigeron annuus	Erigeron	Asteraceae	Forb	2008	2004-2008MR_14_P8	MR_14	Lost_Battalion	Mixed_vegetation	Erigeron annuus	Erigeron	Asteraceae	Forb	2010	2009-2012MR_2_T2_2	MR_2	Greenwich_Village_Elementary	Mixed_vegetation	Erigeron annuus	Erigeron	Asteraceae	Forb	2012	2009-2012MR_2_T2_3	MR_2	Greenwich_Village_Elementary	Mixed_vegetation	Erigeron annuus	Erigeron	Asteraceae	Forb	2012	2009-2012MR_2_T3_2	MR_2	Greenwich_Village_Elementary	Mixed_vegetation	Erigeron annuus	Erigeron	Asteraceae	Forb	2012	2009-2012MR_2_T3_3	MR_2	Greenwich_Village_Elementary	Mixed_vegetation	Erigeron annuus	Erigeron	Asteraceae	Forb	2012	2009-2012MR_20_T1_1	MR_20	Saint_Marys	Mixed_vegetation	Erigeron annuus	Erigeron	Asteraceae	Forb	2010	2009-2012MR_20_T3_2	MR_20	Saint_Marys	Mixed_vegetation	Erigeron annuus	Erigeron	Asteraceae	Forb	2010	2009-2012MR_21_P1	MR_21	Saint_Simon_Stock	Mixed_vegetation	Erigeron annuus	Erigeron	Asteraceae	Forb	2017	2013-2017MR_3_T1_1	MR_3	Chelsea	Mixed_vegetation	Erigeron annuus	Erigeron	Asteraceae	Forb	2010	2009-2012MR_3_T1_3	MR_3	Chelsea	Mixed_vegetation	Erigeron annuus	Erigeron	Asteraceae	Forb	2010	2009-2012MR_3_T2_1	MR_3	Chelsea	Mixed_vegetation	Erigeron annuus	Erigeron	Asteraceae	Forb	2010	2009-2012MR_3_T2_2	MR_3	Chelsea	Mixed_vegetation	Erigeron annuus	Erigeron	Asteraceae	Forb	2010	2009-2012MR_3_T2_3	MR_3	Chelsea	Mixed_vegetation	Erigeron annuus	Erigeron	Asteraceae	Forb	2010	2009-2012MR_3_T3_1	MR_3	Chelsea	Mixed_vegetation	Erigeron annuus	Erigeron	Asteraceae	Forb	2010	2009-2012MR_3_T3_2	MR_3	Chelsea	Mixed_vegetation	Erigeron annuus	Erigeron	Asteraceae	Forb	2010	2009-2012MR_4_P6	MR_4	Fieldston_NativePlant	Mixed_vegetation	Erigeron annuus	Erigeron	Asteraceae	Forb	2007	2004-2008MR_4_P8	MR_4	Fieldston_NativePlant	Mixed_vegetation	Erigeron annuus	Erigeron	Asteraceae	Forb	2007	2004-2008MR_5_T1_1	MR_5	Hansborough	Mixed_vegetation	Erigeron annuus	Erigeron	Asteraceae	Forb	2010	2009-2012MR_5_T1_2	MR_5	Hansborough	Mixed_vegetation	Erigeron annuus	Erigeron	Asteraceae	Forb	2010	2009-2012MR_5_T1_3	MR_5	Hansborough	Mixed_vegetation	Erigeron annuus	Erigeron	Asteraceae	Forb	2010	2009-2012MR_5_T2_1	MR_5	Hansborough	Mixed_vegetation	Erigeron annuus	Erigeron	Asteraceae	Forb	2010	2009-2012MR_5_T2_3	MR_5	Hansborough	Mixed_vegetation	Erigeron annuus	Erigeron	Asteraceae	Forb	2010	2009-2012MR_5_T3_1	MR_5	Hansborough	Mixed_vegetation	Erigeron annuus	Erigeron	Asteraceae	Forb	2010	2009-2012MR_5_T3_3	MR_5	Hansborough	Mixed_vegetation	Erigeron annuus	Erigeron	Asteraceae	Forb	2010	2009-2012MR_6_T1_1	MR_6	Jackie_Robinson	Mixed_vegetation	Erigeron annuus	Erigeron	Asteraceae	Forb	2010	2009-2012MR_6_T1_3	MR_6	Jackie_Robinson	Mixed_vegetation	Erigeron annuus	Erigeron	Asteraceae	Forb	2010	2009-2012MR_6_T2_1	MR_6	Jackie_Robinson	Mixed_vegetation	Erigeron annuus	Erigeron	Asteraceae	Forb	2010	2009-2012MR_8_P3	MR_8	5Boro_Bioroof	Mixed_vegetation	Erigeron annuus	Erigeron	Asteraceae	Forb	2010	2009-2012MR_8_P5	MR_8	5Boro_Bioroof	Mixed_vegetation	Erigeron annuus	Erigeron	Asteraceae	Forb	2010	2009-2012MR_8_P6	MR_8	5Boro_Bioroof	Mixed_vegetation	Erigeron annuus	Erigeron	Asteraceae	Forb	2010	2009-2012MR_8_P8	MR_8	5Boro_Bioroof	Mixed_vegetation	Erigeron annuus	Erigeron	Asteraceae	Forb	2010	2009-2012MR_1_P7	MR_1	Diana_Center	Mixed_vegetation	Eupatorium hyssopifolium	Eupatorium	Asteraceae	Forb	2010	2009-2012MR_15_P1	MR_15	BK_Grange_LIC	Mixed_vegetation	Eupatorium hyssopifolium	Eupatorium	Asteraceae	Forb	2010	2009-2012MR_3_T1_2	MR_3	Chelsea	Mixed_vegetation	Eupatorium hyssopifolium	Eupatorium	Asteraceae	Forb	2010	2009-2012MR_3_T3_3	MR_3	Chelsea	Mixed_vegetation	Eupatorium hyssopifolium	Eupatorium	Asteraceae	Forb	2010	2009-2012MR_4_P1	MR_4	Fieldston_NativePlant	Mixed_vegetation	Eupatorium hyssopifolium	Eupatorium	Asteraceae	Forb	2007	2004-2008MR_4_P2	MR_4	Fieldston_NativePlant	Mixed_vegetation	Eupatorium hyssopifolium	Eupatorium	Asteraceae	Forb	2007	2004-2008MR_4_P3	MR_4	Fieldston_NativePlant	Mixed_vegetation	Eupatorium hyssopifolium	Eupatorium	Asteraceae	Forb	2007	2004-2008MR_4_P4	MR_4	Fieldston_NativePlant	Mixed_vegetation	Eupatorium hyssopifolium	Eupatorium	Asteraceae	Forb	2007	2004-2008MR_4_P5	MR_4	Fieldston_NativePlant	Mixed_vegetation	Eupatorium hyssopifolium	Eupatorium	Asteraceae	Forb	2007	2004-2008MR_4_P7	MR_4	Fieldston_NativePlant	Mixed_vegetation	Eupatorium hyssopifolium	Eupatorium	Asteraceae	Forb	2007	2004-2008MR_4_P9	MR_4	Fieldston_NativePlant	Mixed_vegetation	Eupatorium hyssopifolium	Eupatorium	Asteraceae	Forb	2007	2004-2008MR_18_T2_3	MR_18	Kingsland_Wildflower	Mixed_vegetation	Gaillardia aristata	Gaillardia	Asteraceae	Forb	2017	2013-2017MR_19_P1	MR_19	Wild_Project	Mixed_vegetation	Gaillardia pulchella	Gaillardia	Asteraceae	Forb	2007	2004-2008MR_19_P5	MR_19	Wild_Project	Mixed_vegetation	Gaillardia pulchella	Gaillardia	Asteraceae	Forb	2007	2004-2008MR_19_P9	MR_19	Wild_Project	Mixed_vegetation	Gaillardia pulchella	Gaillardia	Asteraceae	Forb	2007	2004-2008MR_16_T1_3	MR_16	Grand_Street	Mixed_vegetation	Helianthus tuberosus	Helianthus	Asteraceae	Forb	2004	2004-2008MR_7_P3	MR_7	5Boro_Wildflower	Mixed_vegetation	Helianthus tuberosus	Helianthus	Asteraceae	Forb	2009	2009-2012MR_7_P4	MR_7	5Boro_Wildflower	Mixed_vegetation	Helianthus tuberosus	Helianthus	Asteraceae	Forb	2009	2009-2012MR_7_P5	MR_7	5Boro_Wildflower	Mixed_vegetation	Helianthus tuberosus	Helianthus	Asteraceae	Forb	2009	2009-2012MR_7_P7	MR_7	5Boro_Wildflower	Mixed_vegetation	Helianthus tuberosus	Helianthus	Asteraceae	Forb	2009	2009-2012MR_7_P8	MR_7	5Boro_Wildflower	Mixed_vegetation	Helianthus tuberosus	Helianthus	Asteraceae	Forb	2009	2009-2012MR_16_T1_2	MR_16	Grand_Street	Mixed_vegetation	Liatrus spicata	Liatris	Asteraceae	Forb	2004	2004-2008MR_7_P1	MR_7	5Boro_Wildflower	Mixed_vegetation	Liatrus spicata	Liatris	Asteraceae	Forb	2009	2009-2012MR_8_P4	MR_8	5Boro_Bioroof	Mixed_vegetation	Liatrus spicata	Liatris	Asteraceae	Forb	2010	2009-2012MR_9_P1	MR_9	Rockaways	Mixed_vegetation	Nasella sp.	Nasella	Poaceae	Grass	2016	2013-2017MR_9_P4	MR_9	Rockaways	Mixed_vegetation	Nasella sp.	Nasella	Poaceae	Grass	2016	2013-2017MR_9_P5	MR_9	Rockaways	Mixed_vegetation	Nasella sp.	Nasella	Poaceae	Grass	2016	2013-2017MR_9_P6	MR_9	Rockaways	Mixed_vegetation	Nasella sp.	Nasella	Poaceae	Grass	2016	2013-2017MR_1_P1	MR_1	Diana_Center	Mixed_vegetation	Rudbeckia hirta	Rudbeckia	Asteraceae	Forb	2010	2009-2012MR_1_P2	MR_1	Diana_Center	Mixed_vegetation	Rudbeckia hirta	Rudbeckia	Asteraceae	Forb	2010	2009-2012MR_1_P3	MR_1	Diana_Center	Mixed_vegetation	Rudbeckia hirta	Rudbeckia	Asteraceae	Forb	2010	2009-2012MR_1_P4	MR_1	Diana_Center	Mixed_vegetation	Rudbeckia hirta	Rudbeckia	Asteraceae	Forb	2010	2009-2012MR_1_P5	MR_1	Diana_Center	Mixed_vegetation	Rudbeckia hirta	Rudbeckia	Asteraceae	Forb	2010	2009-2012MR_1_P6	MR_1	Diana_Center	Mixed_vegetation	Rudbeckia hirta	Rudbeckia	Asteraceae	Forb	2010	2009-2012MR_1_P8	MR_1	Diana_Center	Mixed_vegetation	Rudbeckia hirta	Rudbeckia	Asteraceae	Forb	2010	2009-2012MR_1_P9	MR_1	Diana_Center	Mixed_vegetation	Rudbeckia hirta	Rudbeckia	Asteraceae	Forb	2010	2009-2012MR_10_P1	MR_10	Sorrentino	Mixed_vegetation	Rudbeckia hirta	Rudbeckia	Asteraceae	Forb	2010	2009-2012MR_10_P2	MR_10	Sorrentino	Mixed_vegetation	Rudbeckia hirta	Rudbeckia	Asteraceae	Forb	2010	2009-2012MR_10_P3	MR_10	Sorrentino	Mixed_vegetation	Rudbeckia hirta	Rudbeckia	Asteraceae	Forb	2010	2009-2012MR_10_P4	MR_10	Sorrentino	Mixed_vegetation	Rudbeckia hirta	Rudbeckia	Asteraceae	Forb	2010	2009-2012MR_10_P5	MR_10	Sorrentino	Mixed_vegetation	Rudbeckia hirta	Rudbeckia	Asteraceae	Forb	2010	2009-2012MR_10_P6	MR_10	Sorrentino	Mixed_vegetation	Rudbeckia hirta	Rudbeckia	Asteraceae	Forb	2010	2009-2012MR_12_T1_1	MR_12	Sunset_Park	Mixed_vegetation	Rudbeckia hirta	Rudbeckia	Asteraceae	Forb	2010	2009-2012MR_12_T1_2	MR_12	Sunset_Park	Mixed_vegetation	Rudbeckia hirta	Rudbeckia	Asteraceae	Forb	2010	2009-2012MR_12_T1_3	MR_12	Sunset_Park	Mixed_vegetation	Rudbeckia hirta	Rudbeckia	Asteraceae	Forb	2010	2009-2012MR_12_T2_1	MR_12	Sunset_Park	Mixed_vegetation	Rudbeckia hirta	Rudbeckia	Asteraceae	Forb	2010	2009-2012MR_12_T2_2	MR_12	Sunset_Park	Mixed_vegetation	Rudbeckia hirta	Rudbeckia	Asteraceae	Forb	2010	2009-2012MR_12_T2_3	MR_12	Sunset_Park	Mixed_vegetation	Rudbeckia hirta	Rudbeckia	Asteraceae	Forb	2010	2009-2012MR_12_T3_1	MR_12	Sunset_Park	Mixed_vegetation	Rudbeckia hirta	Rudbeckia	Asteraceae	Forb	2010	2009-2012MR_12_T3_2	MR_12	Sunset_Park	Mixed_vegetation	Rudbeckia hirta	Rudbeckia	Asteraceae	Forb	2010	2009-2012MR_13_P1	MR_13	BK_Grange_Navy_Yards	Mixed_vegetation	Rudbeckia hirta	Rudbeckia	Asteraceae	Forb	2012	2009-2012MR_13_P5	MR_13	BK_Grange_Navy_Yards	Mixed_vegetation	Rudbeckia hirta	Rudbeckia	Asteraceae	Forb	2012	2009-2012MR_14_P2	MR_14	Lost_Battalion	Mixed_vegetation	Rudbeckia hirta	Rudbeckia	Asteraceae	Forb	2010	2009-2012MR_14_P3	MR_14	Lost_Battalion	Mixed_vegetation	Rudbeckia hirta	Rudbeckia	Asteraceae	Forb	2010	2009-2012MR_14_P4	MR_14	Lost_Battalion	Mixed_vegetation	Rudbeckia hirta	Rudbeckia	Asteraceae	Forb	2010	2009-2012MR_14_P5	MR_14	Lost_Battalion	Mixed_vegetation	Rudbeckia hirta	Rudbeckia	Asteraceae	Forb	2010	2009-2012MR_14_P6	MR_14	Lost_Battalion	Mixed_vegetation	Rudbeckia hirta	Rudbeckia	Asteraceae	Forb	2010	2009-2012MR_14_P7	MR_14	Lost_Battalion	Mixed_vegetation	Rudbeckia hirta	Rudbeckia	Asteraceae	Forb	2010	2009-2012MR_14_P9	MR_14	Lost_Battalion	Mixed_vegetation	Rudbeckia hirta	Rudbeckia	Asteraceae	Forb	2010	2009-2012MR_15_P2	MR_15	BK_Grange_LIC	Mixed_vegetation	Rudbeckia hirta	Rudbeckia	Asteraceae	Forb	2010	2009-2012MR_15_P3	MR_15	BK_Grange_LIC	Mixed_vegetation	Rudbeckia hirta	Rudbeckia	Asteraceae	Forb	2010	2009-2012MR_17_P4	MR_17	VICE	Mixed_vegetation	Rudbeckia hirta	Rudbeckia	Asteraceae	Forb	2015	2013-2017MR_17_P5	MR_17	VICE	Mixed_vegetation	Rudbeckia hirta	Rudbeckia	Asteraceae	Forb	2015	2013-2017MR_18_T1_3	MR_18	Kingsland_Wildflower	Mixed_vegetation	Rudbeckia hirta	Rudbeckia	Asteraceae	Forb	2017	2013-2017MR_2_T1_2	MR_2	Greenwich_Village_Elementary	Mixed_vegetation	Rudbeckia hirta	Rudbeckia	Asteraceae	Forb	2012	2009-2012MR_2_T1_3	MR_2	Greenwich_Village_Elementary	Mixed_vegetation	Rudbeckia hirta	Rudbeckia	Asteraceae	Forb	2012	2009-2012MR_2_T2_1	MR_2	Greenwich_Village_Elementary	Mixed_vegetation	Rudbeckia hirta	Rudbeckia	Asteraceae	Forb	2012	2009-2012MR_2_T3_1	MR_2	Greenwich_Village_Elementary	Mixed_vegetation	Rudbeckia hirta	Rudbeckia	Asteraceae	Forb	2012	2009-2012MR_20_T1_2	MR_20	Saint_Marys	Mixed_vegetation	Rudbeckia hirta	Rudbeckia	Asteraceae	Forb	2010	2009-2012MR_20_T1_3	MR_20	Saint_Marys	Mixed_vegetation	Rudbeckia hirta	Rudbeckia	Asteraceae	Forb	2010	2009-2012MR_20_T2_1	MR_20	Saint_Marys	Mixed_vegetation	Rudbeckia hirta	Rudbeckia	Asteraceae	Forb	2010	2009-2012MR_20_T2_2	MR_20	Saint_Marys	Mixed_vegetation	Rudbeckia hirta	Rudbeckia	Asteraceae	Forb	2010	2009-2012MR_20_T2_3	MR_20	Saint_Marys	Mixed_vegetation	Rudbeckia hirta	Rudbeckia	Asteraceae	Forb	2010	2009-2012MR_20_T3_1	MR_20	Saint_Marys	Mixed_vegetation	Rudbeckia hirta	Rudbeckia	Asteraceae	Forb	2010	2009-2012MR_21_P2	MR_21	Saint_Simon_Stock	Mixed_vegetation	Rudbeckia hirta	Rudbeckia	Asteraceae	Forb	2017	2013-2017MR_5_T2_2	MR_5	Hansborough	Mixed_vegetation	Rudbeckia hirta	Rudbeckia	Asteraceae	Forb	2010	2009-2012MR_5_T3_2	MR_5	Hansborough	Mixed_vegetation	Rudbeckia hirta	Rudbeckia	Asteraceae	Forb	2010	2009-2012MR_6_T1_2	MR_6	Jackie_Robinson	Mixed_vegetation	Rudbeckia hirta	Rudbeckia	Asteraceae	Forb	2010	2009-2012MR_6_T2_2	MR_6	Jackie_Robinson	Mixed_vegetation	Rudbeckia hirta	Rudbeckia	Asteraceae	Forb	2010	2009-2012MR_6_T2_3	MR_6	Jackie_Robinson	Mixed_vegetation	Rudbeckia hirta	Rudbeckia	Asteraceae	Forb	2010	2009-2012MR_6_T3_1	MR_6	Jackie_Robinson	Mixed_vegetation	Rudbeckia hirta	Rudbeckia	Asteraceae	Forb	2010	2009-2012MR_6_T3_2	MR_6	Jackie_Robinson	Mixed_vegetation	Rudbeckia hirta	Rudbeckia	Asteraceae	Forb	2010	2009-2012MR_6_T3_3	MR_6	Jackie_Robinson	Mixed_vegetation	Rudbeckia hirta	Rudbeckia	Asteraceae	Forb	2010	2009-2012MR_7_P2	MR_7	5Boro_Wildflower	Mixed_vegetation	Rudbeckia hirta	Rudbeckia	Asteraceae	Forb	2009	2009-2012MR_7_P6	MR_7	5Boro_Wildflower	Mixed_vegetation	Rudbeckia hirta	Rudbeckia	Asteraceae	Forb	2009	2009-2012MR_8_P1	MR_8	5Boro_Bioroof	Mixed_vegetation	Rudbeckia hirta	Rudbeckia	Asteraceae	Forb	2010	2009-2012SR_1_T1_1	SR_1	Columbia	Sedum	Sedum sp.	Sedum	Crassulaceae	Succulent	2007	2004-2008SR_1_T1_2	SR_1	Columbia	Sedum	Sedum sp.	Sedum	Crassulaceae	Succulent	2007	2004-2008SR_1_T1_3	SR_1	Columbia	Sedum	Sedum sp.	Sedum	Crassulaceae	Succulent	2007	2004-2008SR_1_T2_1	SR_1	Columbia	Sedum	Sedum sp.	Sedum	Crassulaceae	Succulent	2007	2004-2008SR_1_T2_2	SR_1	Columbia	Sedum	Sedum sp.	Sedum	Crassulaceae	Succulent	2007	2004-2008SR_1_T2_3	SR_1	Columbia	Sedum	Sedum sp.	Sedum	Crassulaceae	Succulent	2007	2004-2008SR_1_T3_2	SR_1	Columbia	Sedum	Sedum sp.	Sedum	Crassulaceae	Succulent	2007	2004-2008SR_1_T3_3	SR_1	Columbia	Sedum	Sedum sp.	Sedum	Crassulaceae	Succulent	2007	2004-2008SR_10_T1_1	SR_10	Silvercup	Sedum	Sedum sp.	Sedum	Crassulaceae	Succulent	2006	2004-2008SR_10_T1_2	SR_10	Silvercup	Sedum	Sedum sp.	Sedum	Crassulaceae	Succulent	2006	2004-2008SR_10_T1_3	SR_10	Silvercup	Sedum	Sedum sp.	Sedum	Crassulaceae	Succulent	2006	2004-2008SR_10_T2_1	SR_10	Silvercup	Sedum	Sedum sp.	Sedum	Crassulaceae	Succulent	2006	2004-2008SR_10_T2_2	SR_10	Silvercup	Sedum	Sedum sp.	Sedum	Crassulaceae	Succulent	2006	2004-2008SR_10_T2_3	SR_10	Silvercup	Sedum	Sedum sp.	Sedum	Crassulaceae	Succulent	2006	2004-2008SR_10_T3_1	SR_10	Silvercup	Sedum	Sedum sp.	Sedum	Crassulaceae	Succulent	2006	2004-2008SR_10_T3_2	SR_10	Silvercup	Sedum	Sedum sp.	Sedum	Crassulaceae	Succulent	2006	2004-2008SR_10_T3_3	SR_10	Silvercup	Sedum	Sedum sp.	Sedum	Crassulaceae	Succulent	2006	2004-2008SR_11_T1_1	SR_11	Bronx_Courthouse	Sedum	Sedum sp.	Sedum	Crassulaceae	Succulent	2006	2004-2008SR_11_T1_2	SR_11	Bronx_Courthouse	Sedum	Sedum sp.	Sedum	Crassulaceae	Succulent	2006	2004-2008SR_11_T1_3	SR_11	Bronx_Courthouse	Sedum	Sedum sp.	Sedum	Crassulaceae	Succulent	2006	2004-2008SR_11_T2_1	SR_11	Bronx_Courthouse	Sedum	Sedum sp.	Sedum	Crassulaceae	Succulent	2006	2004-2008SR_11_T2_2	SR_11	Bronx_Courthouse	Sedum	Sedum sp.	Sedum	Crassulaceae	Succulent	2006	2004-2008SR_11_T2_3	SR_11	Bronx_Courthouse	Sedum	Sedum sp.	Sedum	Crassulaceae	Succulent	2006	2004-2008SR_11_T3_1	SR_11	Bronx_Courthouse	Sedum	Sedum sp.	Sedum	Crassulaceae	Succulent	2006	2004-2008SR_11_T3_2	SR_11	Bronx_Courthouse	Sedum	Sedum sp.	Sedum	Crassulaceae	Succulent	2006	2004-2008SR_11_T3_3	SR_11	Bronx_Courthouse	Sedum	Sedum sp.	Sedum	Crassulaceae	Succulent	2006	2004-2008SR_2_T1_1	SR_2	FIT	Sedum	Sedum sp.	Sedum	Crassulaceae	Succulent	2014	2013-2017SR_2_T1_2	SR_2	FIT	Sedum	Sedum sp.	Sedum	Crassulaceae	Succulent	2014	2013-2017SR_2_T1_3	SR_2	FIT	Sedum	Sedum sp.	Sedum	Crassulaceae	Succulent	2014	2013-2017SR_2_T2_1	SR_2	FIT	Sedum	Sedum sp.	Sedum	Crassulaceae	Succulent	2014	2013-2017SR_2_T2_2	SR_2	FIT	Sedum	Sedum sp.	Sedum	Crassulaceae	Succulent	2014	2013-2017SR_2_T2_3	SR_2	FIT	Sedum	Sedum sp.	Sedum	Crassulaceae	Succulent	2014	2013-2017SR_2_T3_1	SR_2	FIT	Sedum	Sedum sp.	Sedum	Crassulaceae	Succulent	2014	2013-2017SR_2_T3_2	SR_2	FIT	Sedum	Sedum sp.	Sedum	Crassulaceae	Succulent	2014	2013-2017SR_2_T3_3	SR_2	FIT	Sedum	Sedum sp.	Sedum	Crassulaceae	Succulent	2014	2013-2017SR_3_T1_1	SR_3	Javits	Sedum	Sedum sp.	Sedum	Crassulaceae	Succulent	2014	2013-2017SR_3_T1_2	SR_3	Javits	Sedum	Sedum sp.	Sedum	Crassulaceae	Succulent	2014	2013-2017SR_3_T1_3	SR_3	Javits	Sedum	Sedum sp.	Sedum	Crassulaceae	Succulent	2014	2013-2017SR_3_T2_1	SR_3	Javits	Sedum	Sedum sp.	Sedum	Crassulaceae	Succulent	2014	2013-2017SR_3_T2_2	SR_3	Javits	Sedum	Sedum sp.	Sedum	Crassulaceae	Succulent	2014	2013-2017SR_3_T2_3	SR_3	Javits	Sedum	Sedum sp.	Sedum	Crassulaceae	Succulent	2014	2013-2017SR_3_T3_1	SR_3	Javits	Sedum	Sedum sp.	Sedum	Crassulaceae	Succulent	2014	2013-2017SR_3_T3_2	SR_3	Javits	Sedum	Sedum sp.	Sedum	Crassulaceae	Succulent	2014	2013-2017SR_3_T3_3	SR_3	Javits	Sedum	Sedum sp.	Sedum	Crassulaceae	Succulent	2014	2013-2017SR_4_T1_1	SR_4	Fieldston_Sedum	Sedum	Sedum sp.	Sedum	Crassulaceae	Succulent	2007	2004-2008SR_4_T1_2	SR_4	Fieldston_Sedum	Sedum	Sedum sp.	Sedum	Crassulaceae	Succulent	2007	2004-2008SR_4_T1_3	SR_4	Fieldston_Sedum	Sedum	Sedum sp.	Sedum	Crassulaceae	Succulent	2007	2004-2008SR_4_T2_1	SR_4	Fieldston_Sedum	Sedum	Sedum sp.	Sedum	Crassulaceae	Succulent	2007	2004-2008SR_4_T2_2	SR_4	Fieldston_Sedum	Sedum	Sedum sp.	Sedum	Crassulaceae	Succulent	2007	2004-2008SR_4_T2_3	SR_4	Fieldston_Sedum	Sedum	Sedum sp.	Sedum	Crassulaceae	Succulent	2007	2004-2008SR_4_T3_1	SR_4	Fieldston_Sedum	Sedum	Sedum sp.	Sedum	Crassulaceae	Succulent	2007	2004-2008SR_4_T3_2	SR_4	Fieldston_Sedum	Sedum	Sedum sp.	Sedum	Crassulaceae	Succulent	2007	2004-2008SR_4_T3_3	SR_4	Fieldston_Sedum	Sedum	Sedum sp.	Sedum	Crassulaceae	Succulent	2007	2004-2008SR_5_T1_1	SR_5	The_Point	Sedum	Sedum sp.	Sedum	Crassulaceae	Succulent	2013	2013-2017SR_5_T1_2	SR_5	The_Point	Sedum	Sedum sp.	Sedum	Crassulaceae	Succulent	2013	2013-2017SR_5_T1_3	SR_5	The_Point	Sedum	Sedum sp.	Sedum	Crassulaceae	Succulent	2013	2013-2017SR_5_T2_1	SR_5	The_Point	Sedum	Sedum sp.	Sedum	Crassulaceae	Succulent	2013	2013-2017SR_5_T2_2	SR_5	The_Point	Sedum	Sedum sp.	Sedum	Crassulaceae	Succulent	2013	2013-2017SR_5_T2_3	SR_5	The_Point	Sedum	Sedum sp.	Sedum	Crassulaceae	Succulent	2013	2013-2017SR_5_T3_1	SR_5	The_Point	Sedum	Sedum sp.	Sedum	Crassulaceae	Succulent	2013	2013-2017SR_5_T3_2	SR_5	The_Point	Sedum	Sedum sp.	Sedum	Crassulaceae	Succulent	2013	2013-2017SR_5_T3_3	SR_5	The_Point	Sedum	Sedum sp.	Sedum	Crassulaceae	Succulent	2013	2013-2017SR_6_T1_1	SR_6	5Boro_XeroFlor_3	Sedum	Sedum sp.	Sedum	Crassulaceae	Succulent	2011	2009-2012SR_6_T1_2	SR_6	5Boro_XeroFlor_3	Sedum	Sedum sp.	Sedum	Crassulaceae	Succulent	2011	2009-2012SR_6_T1_3	SR_6	5Boro_XeroFlor_3	Sedum	Sedum sp.	Sedum	Crassulaceae	Succulent	2011	2009-2012SR_6_T2_1	SR_6	5Boro_XeroFlor_3	Sedum	Sedum sp.	Sedum	Crassulaceae	Succulent	2011	2009-2012SR_6_T2_2	SR_6	5Boro_XeroFlor_3	Sedum	Sedum sp.	Sedum	Crassulaceae	Succulent	2011	2009-2012SR_6_T2_3	SR_6	5Boro_XeroFlor_3	Sedum	Sedum sp.	Sedum	Crassulaceae	Succulent	2011	2009-2012SR_6_T3_1	SR_6	5Boro_XeroFlor_3	Sedum	Sedum sp.	Sedum	Crassulaceae	Succulent	2011	2009-2012SR_6_T3_2	SR_6	5Boro_XeroFlor_3	Sedum	Sedum sp.	Sedum	Crassulaceae	Succulent	2011	2009-2012SR_6_T3_3	SR_6	5Boro_XeroFlor_3	Sedum	Sedum sp.	Sedum	Crassulaceae	Succulent	2011	2009-2012SR_7_T1_1	SR_7	5Boro_XeroFlor_2	Sedum	Sedum sp.	Sedum	Crassulaceae	Succulent	2009	2009-2012SR_7_T1_2	SR_7	5Boro_XeroFlor_2	Sedum	Sedum sp.	Sedum	Crassulaceae	Succulent	2009	2009-2012SR_7_T1_3	SR_7	5Boro_XeroFlor_2	Sedum	Sedum sp.	Sedum	Crassulaceae	Succulent	2009	2009-2012SR_7_T2_1	SR_7	5Boro_XeroFlor_2	Sedum	Sedum sp.	Sedum	Crassulaceae	Succulent	2009	2009-2012SR_7_T2_2	SR_7	5Boro_XeroFlor_2	Sedum	Sedum sp.	Sedum	Crassulaceae	Succulent	2009	2009-2012SR_7_T2_3	SR_7	5Boro_XeroFlor_2	Sedum	Sedum sp.	Sedum	Crassulaceae	Succulent	2009	2009-2012SR_7_T3_1	SR_7	5Boro_XeroFlor_2	Sedum	Sedum sp.	Sedum	Crassulaceae	Succulent	2009	2009-2012SR_7_T3_2	SR_7	5Boro_XeroFlor_2	Sedum	Sedum sp.	Sedum	Crassulaceae	Succulent	2009	2009-2012SR_7_T3_3	SR_7	5Boro_XeroFlor_2	Sedum	Sedum sp.	Sedum	Crassulaceae	Succulent	2009	2009-2012SR_8_T1_1	SR_8	Jackson_Ave	Sedum	Sedum sp.	Sedum	Crassulaceae	Succulent	2016	2013-2017SR_8_T1_2	SR_8	Jackson_Ave	Sedum	Sedum sp.	Sedum	Crassulaceae	Succulent	2016	2013-2017SR_8_T1_3	SR_8	Jackson_Ave	Sedum	Sedum sp.	Sedum	Crassulaceae	Succulent	2016	2013-2017SR_8_T2_1	SR_8	Jackson_Ave	Sedum	Sedum sp.	Sedum	Crassulaceae	Succulent	2016	2013-2017SR_8_T2_2	SR_8	Jackson_Ave	Sedum	Sedum sp.	Sedum	Crassulaceae	Succulent	2016	2013-2017SR_8_T2_3	SR_8	Jackson_Ave	Sedum	Sedum sp.	Sedum	Crassulaceae	Succulent	2016	2013-2017SR_8_T3_1	SR_8	Jackson_Ave	Sedum	Sedum sp.	Sedum	Crassulaceae	Succulent	2016	2013-2017SR_8_T3_2	SR_8	Jackson_Ave	Sedum	Sedum sp.	Sedum	Crassulaceae	Succulent	2016	2013-2017SR_8_T3_3	SR_8	Jackson_Ave	Sedum	Sedum sp.	Sedum	Crassulaceae	Succulent	2016	2013-2017SR_9_T1_1	SR_9	W11_Street	Sedum	Sedum sp.	Sedum	Crassulaceae	Succulent	2013	2013-2017SR_9_T1_2	SR_9	W11_Street	Sedum	Sedum sp.	Sedum	Crassulaceae	Succulent	2013	2013-2017SR_9_T1_3	SR_9	W11_Street	Sedum	Sedum sp.	Sedum	Crassulaceae	Succulent	2013	2013-2017SR_9_T2_3	SR_9	W11_Street	Sedum	Sedum sp.	Sedum	Crassulaceae	Succulent	2013	2013-2017SR_9_T3_1	SR_9	W11_Street	Sedum	Sedum sp.	Sedum	Crassulaceae	Succulent	2013	2013-2017SR_9_T3_2	SR_9	W11_Street	Sedum	Sedum sp.	Sedum	Crassulaceae	Succulent	2013	2013-2017SR_9_T3_3	SR_9	W11_Street	Sedum	Sedum sp.	Sedum	Crassulaceae	Succulent	2013	2013-2017MR_19_P2	MR_19	Wild_Project	Mixed_vegetation	Solidago juncea	Solidago	Asteraceae	Forb	2007	2004-2008MR_19_P4	MR_19	Wild_Project	Mixed_vegetation	Solidago juncea	Solidago	Asteraceae	Forb	2007	2004-2008MR_9_P2	MR_9	Rockaways	Mixed_vegetation	Sporobolus sp.	Sporobolus	Poaceae	Grass	2016	2013-2017MR_9_P3	MR_9	Rockaways	Mixed_vegetation	Sporobolus sp.	Sporobolus	Poaceae	Grass	2016	2013-2017MR_15_P8	MR_15	BK_Grange_LIC	Mixed_vegetation	Unknown		Asteraceae	Forb	2010	2009-2012MR_16_T2_2	MR_16	Grand_Street	Mixed_vegetation	Unknown		Asteraceae	Forb	2004	2004-2008